epoch,step,test_acc,test_loss,train_acc,train_loss,val_acc,val_loss
0,49,,,0.5625,0.6925742030143738,,
0,99,,,0.5,0.6930350661277771,,
0,149,,,0.453125,0.6933915615081787,,
0,199,,,0.4921875,0.6931964755058289,,
0,249,,,0.4765625,0.6937129497528076,,
0,299,,,0.5625,0.6925190687179565,,
0,349,,,0.484375,0.6941064596176147,,
0,393,,,,,0.500485897064209,0.6924183964729309
1,399,,,0.5546875,0.6921957731246948,,
1,449,,,0.5234375,0.6910384893417358,,
1,499,,,0.5078125,0.6921062469482422,,
1,549,,,0.5390625,0.6908586621284485,,
1,599,,,0.6015625,0.6911764144897461,,
1,649,,,0.5,0.6918376684188843,,
1,699,,,0.46875,0.6919506788253784,,
1,749,,,0.4921875,0.689829409122467,,
1,787,,,,,0.5865148901939392,0.6898186206817627
2,799,,,0.4375,0.6961055994033813,,
2,849,,,0.5,0.6896149516105652,,
2,899,,,0.6875,0.6860774755477905,,
2,949,,,0.5546875,0.6859831809997559,,
2,999,,,0.59375,0.6870124340057373,,
2,1049,,,0.59375,0.6866260766983032,,
2,1099,,,0.6484375,0.6777483224868774,,
2,1149,,,0.671875,0.6790763735771179,,
2,1181,,,,,0.6475079655647278,0.6767738461494446
3,1199,,,0.6640625,0.6741397380828857,,
3,1249,,,0.6015625,0.6774494647979736,,
3,1299,,,0.5703125,0.673460066318512,,
3,1349,,,0.59375,0.666031002998352,,
3,1399,,,0.6640625,0.6672463417053223,,
3,1449,,,0.65625,0.6592144966125488,,
3,1499,,,0.625,0.6544991731643677,,
3,1549,,,0.65625,0.6532876491546631,,
3,1575,,,,,0.6486186385154724,0.6519227623939514
4,1599,,,0.625,0.6463510394096375,,
4,1649,,,0.6640625,0.6452680230140686,,
4,1699,,,0.625,0.6548739671707153,,
4,1749,,,0.6953125,0.6335281133651733,,
4,1799,,,0.6953125,0.6279590725898743,,
4,1849,,,0.7578125,0.6115339994430542,,
4,1899,,,0.6015625,0.6635240316390991,,
4,1949,,,0.6484375,0.6412402391433716,,
4,1969,,,,,0.6570873260498047,0.6363592743873596
5,1999,,,0.703125,0.6158097982406616,,
5,2049,,,0.671875,0.6348520517349243,,
5,2099,,,0.7109375,0.6307026743888855,,
5,2149,,,0.7109375,0.6244711875915527,,
5,2199,,,0.6015625,0.6535479426383972,,
5,2249,,,0.6953125,0.6349430680274963,,
5,2299,,,0.71875,0.6013087630271912,,
5,2349,,,0.6328125,0.6350268125534058,,
5,2363,,,,,0.6588921546936035,0.629444420337677
6,2399,,,0.640625,0.6362786293029785,,
6,2449,,,0.6484375,0.6288028359413147,,
6,2499,,,0.6953125,0.5986851453781128,,
6,2549,,,0.7109375,0.5969066023826599,,
6,2599,,,0.5859375,0.6571395397186279,,
6,2649,,,0.625,0.6391451954841614,,
6,2699,,,0.625,0.6519853472709656,,
6,2749,,,0.7265625,0.5981847047805786,,
6,2757,,,,,0.6592623591423035,0.6244673132896423
7,2799,,,0.65625,0.626032829284668,,
7,2849,,,0.640625,0.6410554647445679,,
7,2899,,,0.7109375,0.6074627637863159,,
7,2949,,,0.6796875,0.6150388717651367,,
7,2999,,,0.6640625,0.6256147623062134,,
7,3049,,,0.65625,0.6204389333724976,,
7,3099,,,0.609375,0.6518276333808899,,
7,3149,,,0.6328125,0.6175860166549683,,
7,3151,,,,,0.6585218906402588,0.6204357743263245
8,3199,,,0.6484375,0.6299482583999634,,
8,3249,,,0.6953125,0.6104671359062195,,
8,3299,,,0.578125,0.6600753664970398,,
8,3349,,,0.6484375,0.6179986596107483,,
8,3399,,,0.59375,0.6541839838027954,,
8,3449,,,0.625,0.6429895758628845,,
8,3499,,,0.6796875,0.6130927801132202,,
8,3545,,,,,0.6536165475845337,0.6193193197250366
9,3549,,,0.6796875,0.6007452011108398,,
9,3599,,,0.6484375,0.6218998432159424,,
9,3649,,,0.6640625,0.6151993274688721,,
9,3699,,,0.65625,0.6302321553230286,,
9,3749,,,0.6484375,0.6271557211875916,,
9,3799,,,0.6015625,0.6518686413764954,,
9,3849,,,0.6953125,0.6061823964118958,,
9,3899,,,0.6640625,0.6311691999435425,,
9,3939,,,,,0.6569021940231323,0.6161925792694092
10,3949,,,0.703125,0.6073660254478455,,
10,3999,,,0.640625,0.627085268497467,,
10,4049,,,0.671875,0.6142915487289429,,
10,4099,,,0.6640625,0.6165945529937744,,
10,4149,,,0.6875,0.6012978553771973,,
10,4199,,,0.734375,0.5664820671081543,,
10,4249,,,0.6640625,0.6275337934494019,,
10,4299,,,0.6171875,0.6344249844551086,,
10,4333,,,,,0.6559766530990601,0.6144151091575623
11,4349,,,0.640625,0.6183194518089294,,
11,4399,,,0.6484375,0.6171873807907104,,
11,4449,,,0.640625,0.6261125802993774,,
11,4499,,,0.609375,0.6317965984344482,,
11,4549,,,0.6328125,0.6137231588363647,,
11,4599,,,0.671875,0.6228817701339722,,
11,4649,,,0.640625,0.6240713596343994,,
11,4699,,,0.6015625,0.6176780462265015,,
11,4727,,,,,0.6574112772941589,0.6124875545501709
12,4749,,,0.71875,0.5872576236724854,,
12,4799,,,0.65625,0.6149676442146301,,
12,4849,,,0.703125,0.6062471866607666,,
12,4899,,,0.640625,0.6129488348960876,,
12,4949,,,0.703125,0.6017732620239258,,
12,4999,,,0.7109375,0.5902223587036133,,
12,5049,,,0.71875,0.5898523330688477,,
12,5099,,,0.703125,0.5954036116600037,,
12,5121,,,,,0.6588921546936035,0.6108116507530212
13,5149,,,0.7421875,0.573959469795227,,
13,5199,,,0.6484375,0.6262680888175964,,
13,5249,,,0.65625,0.6212738752365112,,
13,5299,,,0.6640625,0.6158262491226196,,
13,5349,,,0.6875,0.6091833710670471,,
13,5399,,,0.703125,0.5841904878616333,,
13,5449,,,0.609375,0.6423589587211609,,
13,5499,,,0.6015625,0.6376322507858276,,
13,5515,,,,,0.6579203009605408,0.6099289059638977
14,5549,,,0.640625,0.6165659427642822,,
14,5599,,,0.6796875,0.5837777853012085,,
14,5649,,,0.5546875,0.6484023928642273,,
14,5699,,,0.6875,0.6031848192214966,,
14,5749,,,0.6640625,0.6156866550445557,,
14,5799,,,0.6875,0.589701771736145,,
14,5849,,,0.6796875,0.5997408032417297,,
14,5899,,,0.578125,0.6396645307540894,,
14,5909,,,,,0.6559303998947144,0.6089839339256287
15,5949,,,0.65625,0.600662112236023,,
15,5999,,,0.6015625,0.6302525997161865,,
15,6049,,,0.6484375,0.6192488074302673,,
15,6099,,,0.6796875,0.5947645902633667,,
15,6149,,,0.6953125,0.5959597826004028,,
15,6199,,,0.65625,0.6216596961021423,,
15,6249,,,0.7109375,0.5954192876815796,,
15,6299,,,0.6484375,0.6101571321487427,,
15,6303,,,,,0.6530612111091614,0.6086018681526184
16,6349,,,0.671875,0.6114901304244995,,
16,6399,,,0.6171875,0.6005289554595947,,
16,6449,,,0.6640625,0.5938789248466492,,
16,6499,,,0.6640625,0.6042981147766113,,
16,6549,,,0.671875,0.5986486077308655,,
16,6599,,,0.6328125,0.6110324859619141,,
16,6649,,,0.6953125,0.5990051031112671,,
16,6697,,,,,0.6600953340530396,0.6072443127632141
17,6699,,,0.6640625,0.6077953577041626,,
17,6749,,,0.65625,0.6066989898681641,,
17,6799,,,0.65625,0.60767662525177,,
17,6849,,,0.65625,0.6225340366363525,,
17,6899,,,0.640625,0.6112351417541504,,
17,6949,,,0.609375,0.6158860921859741,,
17,6999,,,0.59375,0.6116074323654175,,
17,7049,,,0.640625,0.6331313848495483,,
17,7091,,,,,0.6564857363700867,0.6057852506637573
18,7099,,,0.6953125,0.613987922668457,,
18,7149,,,0.6640625,0.6003397703170776,,
18,7199,,,0.640625,0.6088361144065857,,
18,7249,,,0.6796875,0.5987969636917114,,
18,7299,,,0.6640625,0.598569393157959,,
18,7349,,,0.6953125,0.5909526348114014,,
18,7399,,,0.671875,0.6066741943359375,,
18,7449,,,0.625,0.607393741607666,,
18,7485,,,,,0.6606969237327576,0.604357898235321
19,7499,,,0.6796875,0.6094733476638794,,
19,7549,,,0.6640625,0.6318090558052063,,
19,7599,,,0.6484375,0.5955166220664978,,
19,7649,,,0.671875,0.5989676713943481,,
19,7699,,,0.6171875,0.620159387588501,,
19,7749,,,0.6640625,0.6087948083877563,,
19,7799,,,0.6875,0.6150529384613037,,
19,7849,,,0.71875,0.5675110816955566,,
19,7879,,,,,0.6602804660797119,0.6054539084434509
20,7899,,,0.6640625,0.6380860805511475,,
20,7949,,,0.65625,0.6107007265090942,,
20,7999,,,0.75,0.5582432746887207,,
20,8049,,,0.6640625,0.6097075939178467,,
20,8099,,,0.6484375,0.5989140272140503,,
20,8149,,,0.6484375,0.590476393699646,,
20,8199,,,0.6953125,0.6096208691596985,,
20,8249,,,0.703125,0.5969897508621216,,
20,8273,,,,,0.6925355195999146,0.6037073731422424
21,8299,,,0.75,0.5635700225830078,,
21,8349,,,0.6328125,0.6187068223953247,,
21,8399,,,0.640625,0.6158788204193115,,
21,8449,,,0.6796875,0.5969973802566528,,
21,8499,,,0.65625,0.6173423528671265,,
21,8549,,,0.59375,0.6277902126312256,,
21,8599,,,0.7109375,0.5825439691543579,,
21,8649,,,0.640625,0.60737144947052,,
21,8667,,,,,0.6618075966835022,0.601035475730896
22,8699,,,0.6640625,0.6021161675453186,,
22,8749,,,0.625,0.6035746335983276,,
22,8799,,,0.625,0.6113860011100769,,
22,8849,,,0.8046875,0.5515141487121582,,
22,8899,,,0.671875,0.6034802198410034,,
22,8949,,,0.640625,0.6353412866592407,,
22,8999,,,0.671875,0.610341489315033,,
22,9049,,,0.6328125,0.6203472018241882,,
22,9061,,,,,0.6668517589569092,0.5998148918151855
23,9099,,,0.6875,0.6167482733726501,,
23,9149,,,0.625,0.615591824054718,,
23,9199,,,0.65625,0.601917028427124,,
23,9249,,,0.6640625,0.5937943458557129,,
23,9299,,,0.65625,0.5992666482925415,,
23,9349,,,0.734375,0.5624962449073792,,
23,9399,,,0.6328125,0.5852773785591125,,
23,9449,,,0.703125,0.5945936441421509,,
23,9455,,,,,0.6845758557319641,0.5987095236778259
24,9499,,,0.6328125,0.6149139404296875,,
24,9549,,,0.625,0.6195230484008789,,
24,9599,,,0.625,0.6186466813087463,,
24,9649,,,0.671875,0.5895315408706665,,
24,9699,,,0.625,0.6085581183433533,,
24,9749,,,0.65625,0.6059328317642212,,
24,9799,,,0.65625,0.6182560920715332,,
24,9849,,,0.6134454011917114,0.5997353196144104,,
24,9849,,,,,0.6633809804916382,0.5976231694221497
25,9899,,,0.703125,0.6085864901542664,,
25,9949,,,0.6640625,0.5959466695785522,,
25,9999,,,0.6875,0.6021361351013184,,
25,10049,,,0.6875,0.6087067723274231,,
25,10099,,,0.7109375,0.572289228439331,,
25,10149,,,0.703125,0.6013830900192261,,
25,10199,,,0.7734375,0.5574108362197876,,
25,10243,,,,,0.6993845105171204,0.596267580986023
26,10249,,,0.6875,0.6058175563812256,,
26,10299,,,0.6796875,0.6074644327163696,,
26,10349,,,0.59375,0.6116880774497986,,
26,10399,,,0.796875,0.5701314806938171,,
26,10449,,,0.6796875,0.5795992612838745,,
26,10499,,,0.6484375,0.6379001140594482,,
26,10549,,,0.5859375,0.6436632871627808,,
26,10599,,,0.6953125,0.5778943300247192,,
26,10637,,,,,0.7048451900482178,0.5951180458068848
27,10649,,,0.6171875,0.5977462530136108,,
27,10699,,,0.734375,0.5750855207443237,,
27,10749,,,0.7109375,0.5706988573074341,,
27,10799,,,0.6875,0.6254753470420837,,
27,10849,,,0.6796875,0.6140941381454468,,
27,10899,,,0.6640625,0.6072095036506653,,
27,10949,,,0.765625,0.5572021007537842,,
27,10999,,,0.71875,0.5982140302658081,,
27,11031,,,,,0.7110925912857056,0.596190869808197
28,11049,,,0.6171875,0.61700439453125,,
28,11099,,,0.625,0.6313072443008423,,
28,11149,,,0.734375,0.5564758777618408,,
28,11199,,,0.6484375,0.6058510541915894,,
28,11249,,,0.6328125,0.6126024127006531,,
28,11299,,,0.6953125,0.619112491607666,,
28,11349,,,0.6640625,0.6115856170654297,,
28,11399,,,0.7109375,0.5804448127746582,,
28,11425,,,,,0.6722199320793152,0.5930959582328796
29,11449,,,0.6953125,0.5739080905914307,,
29,11499,,,0.75,0.5646636486053467,,
29,11549,,,0.671875,0.5867652893066406,,
29,11599,,,0.6796875,0.6192147135734558,,
29,11649,,,0.6796875,0.5779293775558472,,
29,11699,,,0.6328125,0.604042112827301,,
29,11749,,,0.734375,0.557391881942749,,
29,11799,,,0.640625,0.6027977466583252,,
29,11819,,,,,0.7022073864936829,0.5914429426193237
30,11849,,,0.75,0.5561773777008057,,
30,11899,,,0.65625,0.589264988899231,,
30,11949,,,0.7421875,0.5720884799957275,,
30,11999,,,0.6953125,0.6000546216964722,,
30,12049,,,0.6875,0.6122567653656006,,
30,12099,,,0.78125,0.5550973415374756,,
30,12149,,,0.6875,0.59787517786026,,
30,12199,,,0.71875,0.5960848331451416,,
30,12213,,,,,0.7106298208236694,0.5903563499450684
31,12249,,,0.859375,0.5499512553215027,,
31,12299,,,0.6953125,0.6219303607940674,,
31,12349,,,0.7265625,0.6034438014030457,,
31,12399,,,0.71875,0.591806948184967,,
31,12449,,,0.703125,0.6063733100891113,,
31,12499,,,0.734375,0.5853835940361023,,
31,12549,,,0.6875,0.6022875308990479,,
31,12599,,,0.7109375,0.5983331203460693,,
31,12607,,,,,0.711138904094696,0.5891794562339783
32,12649,,,0.6328125,0.6106652021408081,,
32,12699,,,0.6953125,0.6100770235061646,,
32,12749,,,0.734375,0.5997401475906372,,
32,12799,,,0.6015625,0.6177151799201965,,
32,12849,,,0.71875,0.5951799154281616,,
32,12899,,,0.765625,0.5742274522781372,,
32,12949,,,0.765625,0.5594027638435364,,
32,12999,,,0.6640625,0.5885953903198242,,
32,13001,,,,,0.6742560863494873,0.5898654460906982
33,13049,,,0.640625,0.6158843040466309,,
33,13099,,,0.7109375,0.5746430158615112,,
33,13149,,,0.7421875,0.5899989008903503,,
33,13199,,,0.796875,0.5561820864677429,,
33,13249,,,0.7734375,0.5605835914611816,,
33,13299,,,0.7265625,0.5799820423126221,,
33,13349,,,0.71875,0.6007346510887146,,
33,13395,,,,,0.7029015421867371,0.5876230597496033
34,13399,,,0.765625,0.5578033924102783,,
34,13449,,,0.6953125,0.5719072222709656,,
34,13499,,,0.671875,0.611128032207489,,
34,13549,,,0.71875,0.5906857252120972,,
34,13599,,,0.8203125,0.5436381697654724,,
34,13649,,,0.71875,0.589846134185791,,
34,13699,,,0.75,0.5858408212661743,,
34,13749,,,0.6875,0.5995182991027832,,
34,13789,,,,,0.7155351638793945,0.5860245227813721
35,13799,,,0.7109375,0.5986367464065552,,
35,13849,,,0.6953125,0.6127421855926514,,
35,13899,,,0.75,0.5688971281051636,,
35,13949,,,0.671875,0.5990678668022156,,
35,13999,,,0.7421875,0.5961889028549194,,
35,14049,,,0.6953125,0.6204755306243896,,
35,14099,,,0.71875,0.6009933352470398,,
35,14149,,,0.7109375,0.5878247618675232,,
35,14183,,,,,0.7163681983947754,0.584983229637146
36,14199,,,0.7109375,0.5876673460006714,,
36,14249,,,0.7265625,0.577049732208252,,
36,14299,,,0.7734375,0.564724326133728,,
36,14349,,,0.6640625,0.5983810424804688,,
36,14399,,,0.7890625,0.5722219944000244,,
36,14449,,,0.703125,0.5928462743759155,,
36,14499,,,0.625,0.6174170970916748,,
36,14549,,,0.7421875,0.5707396268844604,,
36,14577,,,,,0.7196075916290283,0.5842763185501099
37,14599,,,0.671875,0.602623462677002,,
37,14649,,,0.8046875,0.5420386791229248,,
37,14699,,,0.75,0.5780091285705566,,
37,14749,,,0.7734375,0.5570189952850342,,
37,14799,,,0.7578125,0.5641226768493652,,
37,14849,,,0.8046875,0.5595241785049438,,
37,14899,,,0.703125,0.5923197269439697,,
37,14949,,,0.7421875,0.5607365965843201,,
37,14971,,,,,0.7220602631568909,0.5848891735076904
38,14999,,,0.7265625,0.5755795240402222,,
38,15049,,,0.7109375,0.5894030928611755,,
38,15099,,,0.6953125,0.595493733882904,,
38,15149,,,0.7265625,0.5652744174003601,,
38,15199,,,0.7265625,0.5909162163734436,,
38,15249,,,0.703125,0.5770589709281921,,
38,15299,,,0.78125,0.5577282905578613,,
38,15349,,,0.703125,0.5780021548271179,,
38,15365,,,,,0.7162293195724487,0.5824688673019409
39,15399,,,0.7578125,0.5792419910430908,,
39,15449,,,0.703125,0.5783964395523071,,
39,15499,,,0.703125,0.583640456199646,,
39,15549,,,0.71875,0.5957417488098145,,
39,15599,,,0.6875,0.5946276187896729,,
39,15649,,,0.7109375,0.5662389993667603,,
39,15699,,,0.765625,0.5697944760322571,,
39,15749,,,0.703125,0.5929905772209167,,
39,15759,,,,,0.7178490161895752,0.5814204812049866
40,15799,,,0.65625,0.6150779128074646,,
40,15849,,,0.7421875,0.5834778547286987,,
40,15899,,,0.7578125,0.5617698431015015,,
40,15949,,,0.796875,0.5600831508636475,,
40,15999,,,0.640625,0.6233987212181091,,
40,16049,,,0.765625,0.5540761947631836,,
40,16099,,,0.75,0.5721621513366699,,
40,16149,,,0.7109375,0.585526704788208,,
40,16153,,,,,0.718682050704956,0.5805481672286987
41,16199,,,0.6484375,0.6033205986022949,,
41,16249,,,0.6796875,0.5893039703369141,,
41,16299,,,0.6796875,0.6079348921775818,,
41,16349,,,0.7578125,0.5630915760993958,,
41,16399,,,0.7265625,0.607751190662384,,
41,16449,,,0.78125,0.5802093744277954,,
41,16499,,,0.734375,0.5872145891189575,,
41,16547,,,,,0.720255434513092,0.5797250270843506
42,16549,,,0.6875,0.5746816396713257,,
42,16599,,,0.71875,0.6058894395828247,,
42,16649,,,0.7265625,0.5811829566955566,,
42,16699,,,0.78125,0.5635715126991272,,
42,16749,,,0.765625,0.5617942810058594,,
42,16799,,,0.703125,0.5976395606994629,,
42,16849,,,0.7109375,0.5909262299537659,,
42,16899,,,0.765625,0.5634908676147461,,
42,16941,,,,,0.7218751311302185,0.5787335634231567
43,16949,,,0.7421875,0.5747119784355164,,
43,16999,,,0.7578125,0.5670890212059021,,
43,17049,,,0.7890625,0.5586158037185669,,
43,17099,,,0.7578125,0.5676941871643066,,
43,17149,,,0.7109375,0.5992384552955627,,
43,17199,,,0.796875,0.5242441892623901,,
43,17249,,,0.7265625,0.5629323720932007,,
43,17299,,,0.7578125,0.567747175693512,,
43,17335,,,,,0.7240039110183716,0.5804633498191833
44,17349,,,0.7109375,0.5691611170768738,,
44,17399,,,0.734375,0.5782737135887146,,
44,17449,,,0.703125,0.6070123910903931,,
44,17499,,,0.734375,0.5948456525802612,,
44,17549,,,0.65625,0.6072462797164917,,
44,17599,,,0.78125,0.5590571165084839,,
44,17649,,,0.6875,0.5928024053573608,,
44,17699,,,0.671875,0.603914737701416,,
44,17729,,,,,0.7248831391334534,0.5782179832458496
45,17749,,,0.7578125,0.5308300256729126,,
45,17799,,,0.734375,0.5547857880592346,,
45,17849,,,0.765625,0.5580248832702637,,
45,17899,,,0.734375,0.5696989893913269,,
45,17949,,,0.734375,0.5739621520042419,,
45,17999,,,0.6875,0.5860291719436646,,
45,18049,,,0.734375,0.5725423097610474,,
45,18099,,,0.7578125,0.5537486672401428,,
45,18123,,,,,0.7240039110183716,0.5766122341156006
46,18149,,,0.6953125,0.610990583896637,,
46,18199,,,0.7421875,0.5614075660705566,,
46,18249,,,0.7109375,0.594873309135437,,
46,18299,,,0.7421875,0.5620992183685303,,
46,18349,,,0.703125,0.5746886134147644,,
46,18399,,,0.7421875,0.548218846321106,,
46,18449,,,0.7421875,0.5654892325401306,,
46,18499,,,0.7578125,0.5577670335769653,,
46,18517,,,,,0.7230783700942993,0.5758053064346313
47,18549,,,0.7578125,0.5697258114814758,,
47,18599,,,0.7265625,0.5818609595298767,,
47,18649,,,0.734375,0.5917516946792603,,
47,18699,,,0.71875,0.574475884437561,,
47,18749,,,0.6953125,0.5879529118537903,,
47,18799,,,0.734375,0.5726908445358276,,
47,18849,,,0.6875,0.5807141661643982,,
47,18899,,,0.71875,0.5777498483657837,,
47,18911,,,,,0.7197000980377197,0.5760771632194519
48,18949,,,0.75,0.5552984476089478,,
48,18999,,,0.6953125,0.6055090427398682,,
48,19049,,,0.6796875,0.5709050297737122,,
48,19099,,,0.75,0.5590640306472778,,
48,19149,,,0.8203125,0.5598850846290588,,
48,19199,,,0.7578125,0.5651775598526001,,
48,19249,,,0.6875,0.5921106338500977,,
48,19299,,,0.765625,0.5465547442436218,,
48,19305,,,,,0.7273821234703064,0.5765748620033264
49,19349,,,0.671875,0.6018389463424683,,
49,19399,,,0.7578125,0.5533198714256287,,
49,19449,,,0.75,0.5598020553588867,,
49,19499,,,0.7578125,0.5570605993270874,,
49,19549,,,0.6796875,0.6079751253128052,,
49,19599,,,0.71875,0.582478404045105,,
49,19649,,,0.7421875,0.5775102376937866,,
49,19699,,,0.6554622054100037,0.607971727848053,,
49,19699,,,,,0.7239575982093811,0.5739114284515381
50,19749,,,0.7265625,0.568652331829071,,
50,19799,,,0.8046875,0.5312809944152832,,
50,19849,,,0.6796875,0.5759651064872742,,
50,19899,,,0.7734375,0.5467572212219238,,
50,19949,,,0.7109375,0.582520604133606,,
50,19999,,,0.6953125,0.6033264994621277,,
50,20049,,,0.734375,0.5655837059020996,,
50,20093,,,,,0.721921443939209,0.5738009214401245
51,20099,,,0.75,0.5694144368171692,,
51,20149,,,0.75,0.5526765584945679,,
51,20199,,,0.75,0.5646416544914246,,
51,20249,,,0.6171875,0.642155647277832,,
51,20299,,,0.734375,0.5683965682983398,,
51,20349,,,0.796875,0.5545333623886108,,
51,20399,,,0.6953125,0.5846463441848755,,
51,20449,,,0.7578125,0.5544075965881348,,
51,20487,,,,,0.7239575982093811,0.572902500629425
52,20499,,,0.703125,0.5861560702323914,,
52,20549,,,0.8125,0.5152961015701294,,
52,20599,,,0.7109375,0.573184609413147,,
52,20649,,,0.75,0.5644268989562988,,
52,20699,,,0.8125,0.537844717502594,,
52,20749,,,0.6953125,0.5853224396705627,,
52,20799,,,0.7890625,0.5318273305892944,,
52,20849,,,0.734375,0.5629454255104065,,
52,20881,,,,,0.7264102697372437,0.5723857879638672
53,20899,,,0.75,0.5778359174728394,,
53,20949,,,0.7890625,0.5243270993232727,,
53,20999,,,0.7890625,0.5482364892959595,,
53,21049,,,0.7109375,0.5865872502326965,,
53,21099,,,0.75,0.5680727958679199,,
53,21149,,,0.7421875,0.5905293226242065,,
53,21199,,,0.7109375,0.5759224891662598,,
53,21249,,,0.7421875,0.5714982151985168,,
53,21275,,,,,0.7250682711601257,0.5719062685966492
54,21299,,,0.7265625,0.5714722275733948,,
54,21349,,,0.7734375,0.5401967763900757,,
54,21399,,,0.7421875,0.5631484389305115,,
54,21449,,,0.671875,0.6012749075889587,,
54,21499,,,0.7265625,0.5648818016052246,,
54,21549,,,0.6875,0.610248863697052,,
54,21599,,,0.703125,0.5849282741546631,,
54,21649,,,0.7265625,0.5752789378166199,,
54,21669,,,,,0.7248831391334534,0.571402370929718
55,21699,,,0.671875,0.6155894994735718,,
55,21749,,,0.703125,0.5886639356613159,,
55,21799,,,0.796875,0.5356329679489136,,
55,21849,,,0.609375,0.6229895353317261,,
55,21899,,,0.7265625,0.562436580657959,,
55,21949,,,0.71875,0.5823796987533569,,
55,21999,,,0.71875,0.559152364730835,,
55,22049,,,0.71875,0.5651441216468811,,
55,22063,,,,,0.7273358106613159,0.5708104372024536
56,22099,,,0.6875,0.6033890247344971,,
56,22149,,,0.7890625,0.5380536317825317,,
56,22199,,,0.734375,0.5583676099777222,,
56,22249,,,0.6953125,0.5990681052207947,,
56,22299,,,0.7578125,0.5776612162590027,,
56,22349,,,0.765625,0.5396638512611389,,
56,22399,,,0.6171875,0.6237342953681946,,
56,22449,,,0.65625,0.5977388620376587,,
56,22457,,,,,0.7252996563911438,0.5703726410865784
57,22499,,,0.6640625,0.5853053331375122,,
57,22549,,,0.7265625,0.5866467952728271,,
57,22599,,,0.796875,0.5264274477958679,,
57,22649,,,0.6328125,0.6163277626037598,,
57,22699,,,0.71875,0.5695075392723083,,
57,22749,,,0.78125,0.5457420349121094,,
57,22799,,,0.7890625,0.5492618083953857,,
57,22849,,,0.734375,0.558655858039856,,
57,22851,,,,,0.7296959757804871,0.5709853768348694
58,22899,,,0.78125,0.5499011874198914,,
58,22949,,,0.8046875,0.5110307335853577,,
58,22999,,,0.7265625,0.5768855810165405,,
58,23049,,,0.75,0.5626689195632935,,
58,23099,,,0.6953125,0.5874263048171997,,
58,23149,,,0.7265625,0.5716886520385742,,
58,23199,,,0.765625,0.5533362030982971,,
58,23245,,,,,0.7258549928665161,0.5694813132286072
59,23249,,,0.734375,0.5841056108474731,,
59,23299,,,0.7265625,0.5653802156448364,,
59,23349,,,0.6171875,0.6391641497612,,
59,23399,,,0.703125,0.5705155730247498,,
59,23449,,,0.6796875,0.5779452919960022,,
59,23499,,,0.7109375,0.5872309803962708,,
59,23549,,,0.765625,0.5429580211639404,,
59,23599,,,0.6953125,0.5957682132720947,,
59,23639,,,,,0.7274283766746521,0.5691794157028198
60,23649,,,0.734375,0.5791534185409546,,
60,23699,,,0.7578125,0.5582133531570435,,
60,23749,,,0.734375,0.5672320127487183,,
60,23799,,,0.7421875,0.579204797744751,,
60,23849,,,0.8125,0.5259184837341309,,
60,23899,,,0.703125,0.5777020454406738,,
60,23949,,,0.78125,0.5481463670730591,,
60,23999,,,0.6953125,0.6017822027206421,,
60,24033,,,,,0.7309917211532593,0.5693461298942566
61,24049,,,0.765625,0.5472401976585388,,
61,24099,,,0.7890625,0.5256279706954956,,
61,24149,,,0.8046875,0.5416883826255798,,
61,24199,,,0.7265625,0.5664787292480469,,
61,24249,,,0.75,0.5704333186149597,,
61,24299,,,0.7734375,0.5578293204307556,,
61,24349,,,0.6875,0.6102089285850525,,
61,24399,,,0.75,0.5513930320739746,,
61,24427,,,,,0.7303901314735413,0.5684946179389954
62,24449,,,0.7421875,0.5658009052276611,,
62,24499,,,0.75,0.5514772534370422,,
62,24549,,,0.6875,0.5869565010070801,,
62,24599,,,0.734375,0.5686411261558533,,
62,24649,,,0.71875,0.5712888836860657,,
62,24699,,,0.7421875,0.5466663837432861,,
62,24749,,,0.7265625,0.5694409012794495,,
62,24799,,,0.78125,0.553113579750061,,
62,24821,,,,,0.7304826974868774,0.5683085918426514
63,24849,,,0.765625,0.5487546920776367,,
63,24899,,,0.703125,0.5770595073699951,,
63,24949,,,0.796875,0.5479236841201782,,
63,24999,,,0.75,0.5594300031661987,,
63,25049,,,0.75,0.5581809282302856,,
63,25099,,,0.734375,0.5557806491851807,,
63,25149,,,0.7109375,0.5766491293907166,,
63,25199,,,0.71875,0.5743048191070557,,
63,25215,,,,,0.7248368859291077,0.5687081813812256
64,25249,,,0.75,0.5625641345977783,,
64,25299,,,0.78125,0.5574035048484802,,
64,25349,,,0.7265625,0.5599974393844604,,
64,25399,,,0.7421875,0.5721627473831177,,
64,25449,,,0.8046875,0.5281345248222351,,
64,25499,,,0.7578125,0.5427188873291016,,
64,25549,,,0.7265625,0.559882640838623,,
64,25599,,,0.7265625,0.5781787037849426,,
64,25609,,,,,0.7315470576286316,0.5676476955413818
65,25649,,,0.765625,0.5632730722427368,,
65,25699,,,0.71875,0.5792175531387329,,
65,25749,,,0.734375,0.5672857761383057,,
65,25799,,,0.671875,0.5918421149253845,,
65,25849,,,0.6875,0.581337571144104,,
65,25899,,,0.7265625,0.5466099977493286,,
65,25949,,,0.734375,0.565132737159729,,
65,25999,,,0.7421875,0.5408878326416016,,
65,26003,,,,,0.7314082384109497,0.5674189925193787
66,26049,,,0.6953125,0.5768665075302124,,
66,26099,,,0.7421875,0.5479258298873901,,
66,26149,,,0.71875,0.5877033472061157,,
66,26199,,,0.75,0.5746080875396729,,
66,26249,,,0.7734375,0.5479933619499207,,
66,26299,,,0.75,0.5605977177619934,,
66,26349,,,0.65625,0.5994181632995605,,
66,26397,,,,,0.7272433042526245,0.5671692490577698
67,26399,,,0.765625,0.560479462146759,,
67,26449,,,0.71875,0.5994128584861755,,
67,26499,,,0.765625,0.569441556930542,,
67,26549,,,0.703125,0.5805832147598267,,
67,26599,,,0.6796875,0.6000871658325195,,
67,26649,,,0.703125,0.5811407566070557,,
67,26699,,,0.765625,0.5509610772132874,,
67,26749,,,0.7578125,0.5413217544555664,,
67,26791,,,,,0.7301124334335327,0.5666844248771667
68,26799,,,0.796875,0.5330708622932434,,
68,26849,,,0.6796875,0.6150145530700684,,
68,26899,,,0.7265625,0.5639454126358032,,
68,26949,,,0.734375,0.5614948272705078,,
68,26999,,,0.8203125,0.4958290159702301,,
68,27049,,,0.7890625,0.540167510509491,,
68,27099,,,0.7265625,0.5668299198150635,,
68,27149,,,0.7421875,0.575853705406189,,
68,27185,,,,,0.7245129346847534,0.5671261548995972
69,27199,,,0.765625,0.5366784334182739,,
69,27249,,,0.7265625,0.5614801645278931,,
69,27299,,,0.7265625,0.5762057900428772,,
69,27349,,,0.7578125,0.5726511478424072,,
69,27399,,,0.765625,0.5305062532424927,,
69,27449,,,0.765625,0.5437920689582825,,
69,27499,,,0.78125,0.5508785843849182,,
69,27549,,,0.6640625,0.5953058004379272,,
69,27579,,,,,0.7255310416221619,0.5665956139564514
70,27599,,,0.71875,0.5920538902282715,,
70,27649,,,0.7421875,0.5603605508804321,,
70,27699,,,0.7265625,0.5642057657241821,,
70,27749,,,0.7421875,0.5485027432441711,,
70,27799,,,0.7421875,0.5770865082740784,,
70,27849,,,0.7421875,0.5729691982269287,,
70,27899,,,0.7109375,0.5589354634284973,,
70,27949,,,0.7265625,0.5819805860519409,,
70,27973,,,,,0.7314082384109497,0.5659913420677185
71,27999,,,0.765625,0.5480983257293701,,
71,28049,,,0.71875,0.5695278644561768,,
71,28099,,,0.7265625,0.5855312943458557,,
71,28149,,,0.7734375,0.5230690240859985,,
71,28199,,,0.6953125,0.5706401467323303,,
71,28249,,,0.7734375,0.540302574634552,,
71,28299,,,0.71875,0.5663280487060547,,
71,28349,,,0.640625,0.6372449398040771,,
71,28367,,,,,0.7342773675918579,0.5669468641281128
72,28399,,,0.7578125,0.547182559967041,,
72,28449,,,0.7890625,0.5436700582504272,,
72,28499,,,0.78125,0.5313917398452759,,
72,28549,,,0.7109375,0.5915800929069519,,
72,28599,,,0.7421875,0.573878288269043,,
72,28649,,,0.6953125,0.5999138951301575,,
72,28699,,,0.7265625,0.5640296339988708,,
72,28749,,,0.75,0.5656437873840332,,
72,28761,,,,,0.7329816222190857,0.5660099387168884
73,28799,,,0.7421875,0.5679681897163391,,
73,28849,,,0.7109375,0.581341564655304,,
73,28899,,,0.75,0.5547577142715454,,
73,28949,,,0.703125,0.5881475806236267,,
73,28999,,,0.703125,0.583580732345581,,
73,29049,,,0.640625,0.5920628309249878,,
73,29099,,,0.7578125,0.5515326261520386,,
73,29149,,,0.75,0.5705677270889282,,
73,29155,,,,,0.7327964901924133,0.5656211972236633
74,29199,,,0.765625,0.5572898387908936,,
74,29249,,,0.75,0.5557763576507568,,
74,29299,,,0.6796875,0.5922790765762329,,
74,29349,,,0.65625,0.6042274236679077,,
74,29399,,,0.625,0.611931324005127,,
74,29449,,,0.71875,0.5750417709350586,,
74,29499,,,0.71875,0.5538281798362732,,
74,29549,,,0.7815126180648804,0.5413327813148499,,
74,29549,,,,,0.7294182777404785,0.5653439164161682
75,29599,,,0.734375,0.560999870300293,,
75,29649,,,0.734375,0.5704540014266968,,
75,29699,,,0.765625,0.5505279302597046,,
75,29749,,,0.796875,0.5262165069580078,,
75,29799,,,0.671875,0.5889133214950562,,
75,29849,,,0.765625,0.5608829259872437,,
75,29899,,,0.75,0.5651591420173645,,
75,29943,,,,,0.7299273610115051,0.5651887059211731
76,29949,,,0.71875,0.5844916105270386,,
76,29999,,,0.78125,0.5462546348571777,,
76,30049,,,0.7421875,0.5679023861885071,,
76,30099,,,0.71875,0.5658241510391235,,
76,30149,,,0.734375,0.5699509382247925,,
76,30199,,,0.7109375,0.5990399718284607,,
76,30249,,,0.7265625,0.5739930868148804,,
76,30299,,,0.734375,0.5780863761901855,,
76,30337,,,,,0.7295571565628052,0.5650498270988464
77,30349,,,0.75,0.5599179267883301,,
77,30399,,,0.7734375,0.5622360110282898,,
77,30449,,,0.7890625,0.5446838140487671,,
77,30499,,,0.6953125,0.5827986598014832,,
77,30549,,,0.7578125,0.5478427410125732,,
77,30599,,,0.75,0.5615615844726562,,
77,30649,,,0.7421875,0.5591325759887695,,
77,30699,,,0.75,0.5599302053451538,,
77,30731,,,,,0.7326576709747314,0.5649077296257019
78,30749,,,0.734375,0.5649523735046387,,
78,30799,,,0.75,0.5629622936248779,,
78,30849,,,0.8203125,0.5153545141220093,,
78,30899,,,0.6640625,0.5964479446411133,,
78,30949,,,0.7578125,0.5787602663040161,,
78,30999,,,0.7734375,0.5459449291229248,,
78,31049,,,0.7578125,0.5543303489685059,,
78,31099,,,0.7109375,0.5628217458724976,,
78,31125,,,,,0.7292794585227966,0.5649685263633728
79,31149,,,0.75,0.5501856803894043,,
79,31199,,,0.78125,0.5418721437454224,,
79,31249,,,0.7109375,0.5792900919914246,,
79,31299,,,0.7421875,0.5607631206512451,,
79,31349,,,0.8125,0.5416518449783325,,
79,31399,,,0.6875,0.5864354372024536,,
79,31449,,,0.671875,0.5859569311141968,,
79,31499,,,0.796875,0.5420805215835571,,
79,31519,,,,,0.7296034097671509,0.5647245645523071
80,31549,,,0.7109375,0.5814728736877441,,
80,31599,,,0.6484375,0.5821660161018372,,
80,31649,,,0.8046875,0.5418295860290527,,
80,31699,,,0.6484375,0.5865771174430847,,
80,31749,,,0.6875,0.5880908370018005,,
80,31799,,,0.796875,0.5299170017242432,,
80,31849,,,0.7734375,0.5472314357757568,,
80,31899,,,0.640625,0.6017137765884399,,
80,31913,,,,,0.7336757779121399,0.5646048188209534
81,31949,,,0.75,0.5677169561386108,,
81,31999,,,0.7734375,0.547005295753479,,
81,32049,,,0.6640625,0.6000369191169739,,
81,32099,,,0.7578125,0.553214430809021,,
81,32149,,,0.75,0.551593542098999,,
81,32199,,,0.7421875,0.5655856728553772,,
81,32249,,,0.734375,0.5751736164093018,,
81,32299,,,0.671875,0.5870646238327026,,
81,32307,,,,,0.7319172620773315,0.5644868016242981
82,32349,,,0.8125,0.5258313417434692,,
82,32399,,,0.7265625,0.5719425678253174,,
82,32449,,,0.734375,0.5878501534461975,,
82,32499,,,0.7265625,0.5555227994918823,,
82,32549,,,0.7578125,0.5458858013153076,,
82,32599,,,0.7890625,0.5171778202056885,,
82,32649,,,0.703125,0.5601983666419983,,
82,32699,,,0.7421875,0.5620445013046265,,
82,32701,,,,,0.7319172620773315,0.5644040107727051
83,32749,,,0.7109375,0.5750302076339722,,
83,32799,,,0.65625,0.5843353867530823,,
83,32849,,,0.7265625,0.565824031829834,,
83,32899,,,0.7578125,0.5545607805252075,,
83,32949,,,0.78125,0.5320397615432739,,
83,32999,,,0.6640625,0.5923754572868347,,
83,33049,,,0.6796875,0.5795223712921143,,
83,33095,,,,,0.730436384677887,0.5643597841262817
84,33099,,,0.6796875,0.6028618216514587,,
84,33149,,,0.7421875,0.5708832144737244,,
84,33199,,,0.671875,0.5862074494361877,,
84,33249,,,0.7265625,0.5811481475830078,,
84,33299,,,0.78125,0.5334383249282837,,
84,33349,,,0.7109375,0.5997875928878784,,
84,33399,,,0.8203125,0.5273304581642151,,
84,33449,,,0.734375,0.5662773847579956,,
84,33489,,,,,0.7326576709747314,0.56426602602005
85,33499,,,0.7734375,0.5642719268798828,,
85,33549,,,0.6796875,0.5786185264587402,,
85,33599,,,0.6640625,0.6010153889656067,,
85,33649,,,0.71875,0.586178183555603,,
85,33699,,,0.75,0.5560121536254883,,
85,33749,,,0.6875,0.5998216867446899,,
85,33799,,,0.7421875,0.5868921875953674,,
85,33849,,,0.7734375,0.5513342618942261,,
85,33883,,,,,0.7326576709747314,0.564211905002594
86,33899,,,0.7734375,0.5426110625267029,,
86,33949,,,0.7109375,0.581421434879303,,
86,33999,,,0.75,0.5620577931404114,,
86,34049,,,0.71875,0.5717952847480774,,
86,34099,,,0.703125,0.56846022605896,,
86,34149,,,0.8125,0.5178925395011902,,
86,34199,,,0.7734375,0.5310088396072388,,
86,34249,,,0.765625,0.5434627532958984,,
86,34277,,,,,0.7316396236419678,0.5641713738441467
87,34299,,,0.7109375,0.577989935874939,,
87,34349,,,0.7734375,0.5332934856414795,,
87,34399,,,0.765625,0.5454522371292114,,
87,34449,,,0.765625,0.5362138748168945,,
87,34499,,,0.6796875,0.5879999995231628,,
87,34549,,,0.71875,0.5545077323913574,,
87,34599,,,0.6328125,0.6134520769119263,,
87,34649,,,0.7734375,0.5537479519844055,,
87,34671,,,,,0.7320098280906677,0.5641119480133057
88,34699,,,0.7890625,0.5496028661727905,,
88,34749,,,0.765625,0.5464584231376648,,
88,34799,,,0.6875,0.5795567631721497,,
88,34849,,,0.6875,0.5876830816268921,,
88,34899,,,0.71875,0.5785685181617737,,
88,34949,,,0.75,0.54608553647995,,
88,34999,,,0.6796875,0.5826265811920166,,
88,35049,,,0.7109375,0.5841203331947327,,
88,35065,,,,,0.73256516456604,0.5640645027160645
89,35099,,,0.7421875,0.5472772121429443,,
89,35149,,,0.8046875,0.5216318368911743,,
89,35199,,,0.7578125,0.5662063360214233,,
89,35249,,,0.7265625,0.5652053356170654,,
89,35299,,,0.8046875,0.5346724987030029,,
89,35349,,,0.7265625,0.5734647512435913,,
89,35399,,,0.7109375,0.5845945477485657,,
89,35449,,,0.765625,0.5606228113174438,,
89,35459,,,,,0.7326114177703857,0.5640287399291992
90,35499,,,0.7421875,0.5592770576477051,,
90,35549,,,0.7265625,0.5765253305435181,,
90,35599,,,0.7421875,0.5729455947875977,,
90,35649,,,0.6796875,0.5873568058013916,,
90,35699,,,0.6796875,0.5759713649749756,,
90,35749,,,0.7734375,0.5651261806488037,,
90,35799,,,0.75,0.5668365359306335,,
90,35849,,,0.7734375,0.5371282696723938,,
90,35853,,,,,0.7327039837837219,0.5639979243278503
91,35899,,,0.734375,0.5495337247848511,,
91,35949,,,0.765625,0.566388726234436,,
91,35999,,,0.7890625,0.5622982978820801,,
91,36049,,,0.75,0.5502164363861084,,
91,36099,,,0.7265625,0.577768087387085,,
91,36149,,,0.734375,0.5713074207305908,,
91,36199,,,0.734375,0.5808023810386658,,
91,36247,,,,,0.7328428030014038,0.5639687776565552
92,36249,,,0.7421875,0.5471175312995911,,
92,36299,,,0.78125,0.5437681078910828,,
92,36349,,,0.75,0.5591061115264893,,
92,36399,,,0.6328125,0.5993484258651733,,
92,36449,,,0.8359375,0.5300110578536987,,
92,36499,,,0.75,0.5588597059249878,,
92,36549,,,0.8046875,0.5242177844047546,,
92,36599,,,0.6875,0.5912315845489502,,
92,36641,,,,,0.7331667542457581,0.5639442801475525
93,36649,,,0.6328125,0.607261061668396,,
93,36699,,,0.703125,0.590348482131958,,
93,36749,,,0.6953125,0.5716885924339294,,
93,36799,,,0.6875,0.5825406312942505,,
93,36849,,,0.7109375,0.5879515409469604,,
93,36899,,,0.7421875,0.5392324924468994,,
93,36949,,,0.7109375,0.5543086528778076,,
93,36999,,,0.6953125,0.5880850553512573,,
93,37035,,,,,0.7333055734634399,0.5639252066612244
94,37049,,,0.7421875,0.5660787224769592,,
94,37099,,,0.75,0.5582127571105957,,
94,37149,,,0.703125,0.577113151550293,,
94,37199,,,0.796875,0.5173977613449097,,
94,37249,,,0.7421875,0.5350921750068665,,
94,37299,,,0.734375,0.5512516498565674,,
94,37349,,,0.671875,0.5742546319961548,,
94,37399,,,0.6875,0.5815388560295105,,
94,37429,,,,,0.7340922951698303,0.5639461278915405
95,37449,,,0.7109375,0.5627874732017517,,
95,37499,,,0.7734375,0.5504447221755981,,
95,37549,,,0.703125,0.5695277452468872,,
95,37599,,,0.7265625,0.5951530933380127,,
95,37649,,,0.7734375,0.565000057220459,,
95,37699,,,0.6953125,0.5795118808746338,,
95,37749,,,0.765625,0.5564860105514526,,
95,37799,,,0.7421875,0.5696583986282349,,
95,37823,,,,,0.7335832118988037,0.5638942718505859
96,37849,,,0.703125,0.5690197944641113,,
96,37899,,,0.75,0.5468462705612183,,
96,37949,,,0.8125,0.5161499977111816,,
96,37999,,,0.734375,0.5755855441093445,,
96,38049,,,0.7109375,0.5707318782806396,,
96,38099,,,0.6875,0.5726355910301208,,
96,38149,,,0.71875,0.5891435146331787,,
96,38199,,,0.796875,0.5158376693725586,,
96,38217,,,,,0.7333518266677856,0.5638819932937622
97,38249,,,0.7578125,0.5588864684104919,,
97,38299,,,0.7734375,0.5493714809417725,,
97,38349,,,0.671875,0.5821493864059448,,
97,38399,,,0.7890625,0.5396238565444946,,
97,38449,,,0.7265625,0.5666176080703735,,
97,38499,,,0.765625,0.5608440637588501,,
97,38549,,,0.8125,0.5290405750274658,,
97,38599,,,0.75,0.5515137314796448,,
97,38611,,,,,0.7338609099388123,0.5638821721076965
98,38649,,,0.734375,0.5466374754905701,,
98,38699,,,0.6953125,0.5874400734901428,,
98,38749,,,0.796875,0.5127744674682617,,
98,38799,,,0.765625,0.5635626316070557,,
98,38849,,,0.734375,0.5582190752029419,,
98,38899,,,0.7734375,0.544461727142334,,
98,38949,,,0.7578125,0.5515902638435364,,
98,38999,,,0.6796875,0.5942577123641968,,
98,39005,,,,,0.7334906458854675,0.5638626217842102
99,39049,,,0.7734375,0.5499337315559387,,
99,39099,,,0.78125,0.54500412940979,,
99,39149,,,0.671875,0.5940617322921753,,
99,39199,,,0.7578125,0.5488271713256836,,
99,39249,,,0.6640625,0.5980519652366638,,
99,39299,,,0.734375,0.5506786704063416,,
99,39349,,,0.6796875,0.610992968082428,,
99,39399,,,0.8067227602005005,0.5036448240280151,,
99,39399,,,,,0.7342311143875122,0.5639143586158752
100,39400,0.8105310797691345,0.5324450731277466,,,,
